file,rate_Gpc-3_yr-1,frac_negative_chi_eff
kick_figure_GRMHD/low_kick.h5,4.42786264178117,0.13694096240928907
kick_figure_GRMHD/no_kick.h5,3.1801888272665972,0.0
kick_figure_GRMHD/normal_kick.h5,3.8633809929086413,0.18802802728839121
kicks_Eddington-limited/low_kick.h5,3.2904207901057894,0.05774125046672367
kicks_Eddington-limited/normal_kick.h5,3.550312654428259,0.18139350105043767
kicks_conservative/low_kick.h5,13.78346927501285,0.033079055339543105
kicks_conservative/normal_kick.h5,12.701676539897434,0.1552391589360933
main_figure/Eddington-limited.h5,2.7041288594328834,0.0
main_figure/GRMHD.h5,3.1801888272665972,0.0
main_figure/conservative.h5,12.238816322793024,0.0
no_H_conserved/Eddington-limited/low_kick.h5,2.6938447274969213,0.1234685758356013
no_H_conserved/Eddington-limited/no_kick.h5,1.9444668953794724,0.0
no_H_conserved/Eddington-limited/normal_kick.h5,3.33482804712005,0.16964934621587843
no_H_conserved/GRMHD/low_kick.h5,3.36888209586853,0.09703741762122862
no_H_conserved/GRMHD/no_kick.h5,2.2384480946989376,0.0
no_H_conserved/GRMHD/normal_kick.h5,4.3105487555349615,0.2512383587002772
no_H_conserved/conservative/low_kick.h5,13.03521192737286,0.02350799671150362
no_H_conserved/conservative/no_kick.h5,10.580817580206476,0.0
no_H_conserved/conservative/normal_kick.h5,11.84027957217693,0.1404100391412969
